mild,moderate,severe,blind,observation
0.427992687,0.301149909,0.238387569,0.032469835,0