mild,moderate,severe,blind,observation
0.44871275,0.285298003,0.235634409,0.030354839,0