Age;Incidence
50-55;0.0003
55-60;0.0004
60-65;0.00055
65-70;0.0008
70-75;0.00125
75-80;0.0019
80-100;0.00655