age,incidence,incidence_dev
50-54,0.003424658,0.2
55-59,0.001356852,0.2
60-64,0.005097706,0.2
65-69,0.006874821,0.2
70-74,0.01534963,0.2
75-79,0.024739583,0.2
80-84,0.031937173,0.2
85-89,0.035409035,0.2
90-94,0.035409035,0.2
95-99,0.035409035,0.2