age,incidence
50-54,0.003424658
55-59,0.001356852
60-64,0.005097706
65-69,0.006874821
70-74,0.01534963
75-79,0.024739583
80-84,0.031937173
85-89,0.035409035
90-94,0.0035
95-99,0.0035