age,prevalence
50-54,0.004390779
55-59,0.005319149
60-64,0.004994649
65-69,0.016875
70-74,0.022222222
75-79,0.022200772
80-84,0.022257552
85-89,0.024137931
90-94,0.019047619
95-99,0