age,prevalence
50-54,0.004545455
55-59,0.003823427
60-64,0.003718855
65-69,0.00974026
70-74,0.01171875
75-79,0.016477858
80-84,0.011844332
85-89,0.010869565
90-94,0.009708738
95-99,0.009708738