age,prevalence,prevalence_dev
50-54,0.004545455,0.2
55-59,0.003823427,0.2
60-64,0.003718855,0.2
65-69,0.00974026,0.2
70-74,0.01171875,0.2
75-79,0.016477858,0.2
80-84,0.011844332,0.2
85-89,0.010869565,0.2
90-94,0.010869565,0.2
95-99,0.010869565,0.2